Workbook

Sheet 연구원별 예산편성
A1: 연구원별 예산 편성
A2: 크림색 = 필수입력 | 회색 = 자동계산
A3: 연구원 | B3: 실험유형 | C3: 모집인원 (명) | D3: 1인당 참여자비 (₩) | E3: 참여자비 소계 (₩) | F3: 인프라 비용 (₩) | G3: 실험 시작 (YYMMDD) | H3: 실험 종료 (YYMMDD) | I3: GPU | J3: 비고
A4: 임재섭 | E4: =IF(AND(C4<>"",D4<>""),C4*D4,"") | F4: =SUMIF('장비구매 희망목록'!A:A,A4,'장비구매 희망목록'!I:I) -> 0
A5: 최민진 | E5: =IF(AND(C5<>"",D5<>""),C5*D5,"") | F5: =SUMIF('장비구매 희망목록'!A:A,A5,'장비구매 희망목록'!I:I) -> 0
A6: 여민수 | E6: =IF(AND(C6<>"",D6<>""),C6*D6,"") | F6: =SUMIF('장비구매 희망목록'!A:A,A6,'장비구매 희망목록'!I:I) -> 0
A7: 박준오 | E7: =IF(AND(C7<>"",D7<>""),C7*D7,"") | F7: =SUMIF('장비구매 희망목록'!A:A,A7,'장비구매 희망목록'!I:I) -> 0
A8: 이보연 | E8: =IF(AND(C8<>"",D8<>""),C8*D8,"") | F8: =SUMIF('장비구매 희망목록'!A:A,A8,'장비구매 희망목록'!I:I) -> 0
A9: 김정예 | E9: =IF(AND(C9<>"",D9<>""),C9*D9,"") | F9: =SUMIF('장비구매 희망목록'!A:A,A9,'장비구매 희망목록'!I:I) -> 0
A10: 류주형 | E10: =IF(AND(C10<>"",D10<>""),C10*D10,"") | F10: =SUMIF('장비구매 희망목록'!A:A,A10,'장비구매 희망목록'!I:I) -> 0
A11: 정새미 | E11: =IF(AND(C11<>"",D11<>""),C11*D11,"") | F11: =SUMIF('장비구매 희망목록'!A:A,A11,'장비구매 희망목록'!I:I) -> 0
A12: 김성제 | E12: =IF(AND(C12<>"",D12<>""),C12*D12,"") | F12: =SUMIF('장비구매 희망목록'!A:A,A12,'장비구매 희망목록'!I:I) -> 0
A13: 조수영 | E13: =IF(AND(C13<>"",D13<>""),C13*D13,"") | F13: =SUMIF('장비구매 희망목록'!A:A,A13,'장비구매 희망목록'!I:I) -> 0
A14: 이보현 | E14: =IF(AND(C14<>"",D14<>""),C14*D14,"") | F14: =SUMIF('장비구매 희망목록'!A:A,A14,'장비구매 희망목록'!I:I) -> 0
A15: (공용) | E15: =IF(AND(C15<>"",D15<>""),C15*D15,"") | F15: =SUMIF('장비구매 희망목록'!A:A,A15,'장비구매 희망목록'!I:I) -> 0
A16: 합계 | C16: =SUM(C4:C15) -> 0 | E16: =SUM(E4:E15) -> 0 | F16: =SUM(F4:F15) -> 0

Sheet 기존실험 지출통계
A1: 기존 실험 지출 통계
A2: 크림색 = 필수입력 | 회색 = 자동계산
A3: 연구원 | B3: 실험유형 | C3: 실험명 | D3: 참여자 수 (명) | E3: 1인당 비용 (₩) | F3: 총 지출액 (₩) | G3: 실험 시기 (YYMMDD) | H3: 비고
F4: =IF(AND(D4<>"",E4<>""),D4*E4,"")
F5: =IF(AND(D5<>"",E5<>""),D5*E5,"")
F6: =IF(AND(D6<>"",E6<>""),D6*E6,"")
F7: =IF(AND(D7<>"",E7<>""),D7*E7,"")
F8: =IF(AND(D8<>"",E8<>""),D8*E8,"")
F9: =IF(AND(D9<>"",E9<>""),D9*E9,"")
F10: =IF(AND(D10<>"",E10<>""),D10*E10,"")
F11: =IF(AND(D11<>"",E11<>""),D11*E11,"")
F12: =IF(AND(D12<>"",E12<>""),D12*E12,"")
F13: =IF(AND(D13<>"",E13<>""),D13*E13,"")
F14: =IF(AND(D14<>"",E14<>""),D14*E14,"")
F15: =IF(AND(D15<>"",E15<>""),D15*E15,"")
... F27: =IF(AND(D27<>"",E27<>""),D27*E27,"")
A28: 합계 | F28: =SUM(F4:F27) -> 0

Sheet 장비구매 희망목록
A1: 장비 · SW · 서비스 구매 희망 목록
A2: 크림색 = 필수입력 | 회색 = 자동계산
A3: 연구원 | B3: 분류 | C3: 제품명 / 모델명 | D3: 용도 | E3: 구매 링크 (URL) | F3: 단가 (₩) | G3: 수량 | H3: 비고 | I3: 소계 (₩)
I4: =IF(AND(F4<>"",G4<>""),F4*G4,"")
I5: =IF(AND(F5<>"",G5<>""),F5*G5,"")
I6: =IF(AND(F6<>"",G6<>""),F6*G6,"")
I7: =IF(AND(F7<>"",G7<>""),F7*G7,"")
I8: =IF(AND(F8<>"",G8<>""),F8*G8,"")
I9: =IF(AND(F9<>"",G9<>""),F9*G9,"")
I10: =IF(AND(F10<>"",G10<>""),F10*G10,"")
I11: =IF(AND(F11<>"",G11<>""),F11*G11,"")
I12: =IF(AND(F12<>"",G12<>""),F12*G12,"")
I13: =IF(AND(F13<>"",G13<>""),F13*G13,"")
I14: =IF(AND(F14<>"",G14<>""),F14*G14,"")
I15: =IF(AND(F15<>"",G15<>""),F15*G15,"")
... I43: =IF(AND(F43<>"",G43<>""),F43*G43,"")
A44: 합계 | I44: =SUM(I4:I43) -> 0

Sheet 예산총괄
A1: 예산 편성 총괄표
A2: 모든 금액은 타 시트에서 자동 합산됩니다
A3: 항목 | B3: 세부 내역 | C3: 금액 (₩) | D3: 참조 | E3: 비고
A4: 연구 참여자비 | B4: 오프라인 행동 실험 | C4: =SUMIF('연구원별 예산편성'!B:B,"오프라인",'연구원별 예산편성'!E:E) -> 0 | D4: 예산편성 오프라인 SUMIF
B5: 온라인 실험 | C5: ='기존실험 지출통계'!F28 -> 0 | D5: 지출통계 합계 | E5: 기집행분
B6: MRI 실험 | C6: =SUMIF('연구원별 예산편성'!B:B,"MRI",'연구원별 예산편성'!E:E) -> 0 | D6: 예산편성 MRI SUMIF
B7: 소계 | C7: =C4+C5+C6 -> 0
A8: 연구장비·재료비 | B8: HW (데스크탑/모니터/부품) | C8: =SUMIF('장비구매 희망목록'!B:B,"HW (데스크탑/모니터/부품)",'장비구매 희망목록'!I:I) -> 0 | D8: 장비시트
B9: SW (라이선스/구독) | C9: =SUMIF('장비구매 희망목록'!B:B,"SW (라이선스/구독)",'장비구매 희망목록'!I:I) -> 0 | D9: 장비시트
B10: AI 요금/API | C10: =SUMIF('장비구매 희망목록'!B:B,"AI 요금/API",'장비구매 희망목록'!I:I) -> 0 | D10: 장비시트
B11: 주변기기/악세사리 | C11: =SUMIF('장비구매 희망목록'!B:B,"주변기기/악세사리",'장비구매 희망목록'!I:I) -> 0 | D11: 장비시트
B12: 실험기자재/소모품 | C12: =SUMIF('장비구매 희망목록'!B:B,"실험기자재/소모품",'장비구매 희망목록'!I:I) -> 0 | D12: 장비시트
B13: 기타 | C13: =SUMIF('장비구매 희망목록'!B:B,"기타",'장비구매 희망목록'!I:I) -> 0 | D13: 장비시트
B14: 소계 | C14: =SUM(C8:C13) -> 0
A15: 합계 | C15: =C7+C14 -> 0

Sheet 제출일정·담당
A1: 연차보고서 제출 일정 및 담당자
A3: 마감일 | B3: 항목 | C3: 담당자 | D3: 완료 | E3: 비고
A4: 4/3 (금) | B4: IRIS 정량적 성과 등록 | C4: 임주희 + 각 연구원 | D4: ⬜
A5: 4/3 (금) | B5: 성과등록 (Neuron, iScience, ImagingNeuro) | C5: 임주희 | D5: ⬜ | E5: 3편
A6: 4/6 (일) | B6: 예산 편성 스프레드시트 취합 | C6: 전원 | D6: ⬜ | E6: 본 스프레드시트
A7: 4/7 (월) | B7: 국내외 환경변화 논문 조사 요약 | C7: 이보현, 조수영 | D7: ⬜ | E7: 2024-2026
A8: 4/8 (화) | B8: Special GRM 프로젝트 업데이트 | C8: 전원 (이보현/조수영 제외) | D8: ⬜ | E8: 10분+2분
A9: 4/9 (수) | B9: 해외파견 요약문 | C9: 최민진 | D9: ⬜
A10: 4/9 (수) | B10: 최종본 취합 | C10: 교수님 / 박준오 | D10: ⬜ | E10: GRM 반영
A11: 4/10 (목) | B11: 연차보고서 최종 제출 | D11: ⬜
A14: 논문 정성적 요약 담당
B15: 논문 요약 — Neuron | C15: 김정예 | D15: ⬜
B16: 논문 요약 — iScience | C16: 박준오 | D16: ⬜
B17: 논문 요약 — Imaging Neuroscience | C17: 임재섭 | D17: ⬜
A20: Special GRM 발표 정보 (4/8)
A21: 순서 | B21: 발표자 | C21: 발표 제목 | D21: Abstract (요약) | E21: 발표자료 서버주소 | F21: 비고
A22: 1 | B22: 임재섭
A23: 2 | B23: 최민진
A24: 3 | B24: 여민수
A25: 4 | B25: 박준오
A26: 5 | B26: 이보연
A27: 6 | B27: 김정예
A28: 7 | B28: 류주형
A29: 8 | B29: 정새미
A30: 9 | B30: 김성제
